[{"model": "contenttypes.contenttype", "pk": 1, "fields": {"app_label": "admin", "model": "logentry"}}, {"model": "contenttypes.contenttype", "pk": 2, "fields": {"app_label": "auth", "model": "permission"}}, {"model": "contenttypes.contenttype", "pk": 3, "fields": {"app_label": "auth", "model": "group"}}, {"model": "contenttypes.contenttype", "pk": 4, "fields": {"app_label": "auth", "model": "user"}}, {"model": "contenttypes.contenttype", "pk": 5, "fields": {"app_label": "contenttypes", "model": "contenttype"}}, {"model": "contenttypes.contenttype", "pk": 6, "fields": {"app_label": "sessions", "model": "session"}}, {"model": "contenttypes.contenttype", "pk": 7, "fields": {"app_label": "actas", "model": "region"}}, {"model": "contenttypes.contenttype", "pk": 8, "fields": {"app_label": "actas", "model": "provincia"}}, {"model": "contenttypes.contenttype", "pk": 9, "fields": {"app_label": "actas", "model": "comuna"}}, {"model": "contenttypes.contenttype", "pk": 10, "fields": {"app_label": "actas", "model": "grupoitems"}}, {"model": "contenttypes.contenttype", "pk": 11, "fields": {"app_label": "actas", "model": "item"}}, {"model": "contenttypes.contenttype", "pk": 12, "fields": {"app_label": "actas", "model": "acta"}}, {"model": "contenttypes.contenttype", "pk": 13, "fields": {"app_label": "actas", "model": "actarespuestaitem"}}, {"model": "sessions.session", "pk": "3tw0k28aya0r379n8u4m3rc6vtbau31m", "fields": {"session_data": "NmFhNzVkZGRjZWNjYTYxZmYyODRhM2FkYTQyZDZjMmI0MTFlNGVhNzp7Il9hdXRoX3VzZXJfaGFzaCI6IjVmNGQ0NmZkMDkyOGFhODIzOWUxODJlYzc0ODYwZGFjMGMyOTFhMTkiLCJfYXV0aF91c2VyX2JhY2tlbmQiOiJkamFuZ28uY29udHJpYi5hdXRoLmJhY2tlbmRzLk1vZGVsQmFja2VuZCIsIl9hdXRoX3VzZXJfaWQiOiIxIn0=", "expire_date": "2016-09-06T02:50:54.932Z"}}, {"model": "sessions.session", "pk": "88dbgkr2jp407j1ydv9mcv9g34nexnwv", "fields": {"session_data": "NmFhNzVkZGRjZWNjYTYxZmYyODRhM2FkYTQyZDZjMmI0MTFlNGVhNzp7Il9hdXRoX3VzZXJfaGFzaCI6IjVmNGQ0NmZkMDkyOGFhODIzOWUxODJlYzc0ODYwZGFjMGMyOTFhMTkiLCJfYXV0aF91c2VyX2JhY2tlbmQiOiJkamFuZ28uY29udHJpYi5hdXRoLmJhY2tlbmRzLk1vZGVsQmFja2VuZCIsIl9hdXRoX3VzZXJfaWQiOiIxIn0=", "expire_date": "2016-09-02T05:42:39.262Z"}}, {"model": "actas.region", "pk": 1, "fields": {"nombre": "Tarapac\u00e1", "iso_3166_2": "CL-TA"}}, {"model": "actas.region", "pk": 2, "fields": {"nombre": "Antofagasta", "iso_3166_2": "CL-AN"}}, {"model": "actas.region", "pk": 3, "fields": {"nombre": "Atacama", "iso_3166_2": "CL-AT"}}, {"model": "actas.region", "pk": 4, "fields": {"nombre": "Coquimbo", "iso_3166_2": "CL-CO"}}, {"model": "actas.region", "pk": 5, "fields": {"nombre": "Valpara\u00edso", "iso_3166_2": "CL-VS"}}, {"model": "actas.region", "pk": 6, "fields": {"nombre": "Libertador General Bernardo O'Higgins", "iso_3166_2": "CL-LI"}}, {"model": "actas.region", "pk": 7, "fields": {"nombre": "Maule", "iso_3166_2": "CL-ML"}}, {"model": "actas.region", "pk": 8, "fields": {"nombre": "B\u00edob\u00edo", "iso_3166_2": "CL-BI"}}, {"model": "actas.region", "pk": 9, "fields": {"nombre": "La Araucan\u00eda", "iso_3166_2": "CL-AR"}}, {"model": "actas.region", "pk": 10, "fields": {"nombre": "Los Lagos", "iso_3166_2": "CL-LL"}}, {"model": "actas.region", "pk": 11, "fields": {"nombre": "Ais\u00e9n del General Carlos Ib\u00e1\u00f1ez del Campo", "iso_3166_2": "CL-AI"}}, {"model": "actas.region", "pk": 12, "fields": {"nombre": "Magallanes y la Ant\u00e1rtica Chilena", "iso_3166_2": "CL-MA"}}, {"model": "actas.region", "pk": 13, "fields": {"nombre": "Metropolitana de Santiago", "iso_3166_2": "CL-RM"}}, {"model": "actas.region", "pk": 14, "fields": {"nombre": "Los R\u00edos", "iso_3166_2": "CL-LR"}}, {"model": "actas.region", "pk": 15, "fields": {"nombre": "Arica y Parinacota", "iso_3166_2": "CL-AP"}}, {"model": "actas.provincia", "pk": 11, "fields": {"nombre": "Iquique", "region": 1}}, {"model": "actas.provincia", "pk": 14, "fields": {"nombre": "El Tamarugal", "region": 1}}, {"model": "actas.provincia", "pk": 21, "fields": {"nombre": "Antofagasta", "region": 2}}, {"model": "actas.provincia", "pk": 22, "fields": {"nombre": "El Loa", "region": 2}}, {"model": "actas.provincia", "pk": 23, "fields": {"nombre": "Tocopilla", "region": 2}}, {"model": "actas.provincia", "pk": 31, "fields": {"nombre": "Copiap\u00f3", "region": 3}}, {"model": "actas.provincia", "pk": 32, "fields": {"nombre": "Cha\u00f1aral", "region": 3}}, {"model": "actas.provincia", "pk": 33, "fields": {"nombre": "Huasco", "region": 3}}, {"model": "actas.provincia", "pk": 41, "fields": {"nombre": "Elqui", "region": 4}}, {"model": "actas.provincia", "pk": 42, "fields": {"nombre": "Choapa", "region": 4}}, {"model": "actas.provincia", "pk": 43, "fields": {"nombre": "Limar\u00ed", "region": 4}}, {"model": "actas.provincia", "pk": 51, "fields": {"nombre": "Valparaiso", "region": 5}}, {"model": "actas.provincia", "pk": 52, "fields": {"nombre": "Isla de Pascua", "region": 5}}, {"model": "actas.provincia", "pk": 53, "fields": {"nombre": "Los Andes", "region": 5}}, {"model": "actas.provincia", "pk": 54, "fields": {"nombre": "Petorca", "region": 5}}, {"model": "actas.provincia", "pk": 55, "fields": {"nombre": "Quillota", "region": 5}}, {"model": "actas.provincia", "pk": 56, "fields": {"nombre": "San Antonio", "region": 5}}, {"model": "actas.provincia", "pk": 57, "fields": {"nombre": "San Felipe de Aconcagua", "region": 5}}, {"model": "actas.provincia", "pk": 58, "fields": {"nombre": "Marga Marga", "region": 5}}, {"model": "actas.provincia", "pk": 61, "fields": {"nombre": "Cachapoal", "region": 6}}, {"model": "actas.provincia", "pk": 62, "fields": {"nombre": "Cardenal Caro", "region": 6}}, {"model": "actas.provincia", "pk": 63, "fields": {"nombre": "Colchagua", "region": 6}}, {"model": "actas.provincia", "pk": 71, "fields": {"nombre": "Talca", "region": 7}}, {"model": "actas.provincia", "pk": 72, "fields": {"nombre": "Cauquenes", "region": 7}}, {"model": "actas.provincia", "pk": 73, "fields": {"nombre": "Curic\u00f3", "region": 7}}, {"model": "actas.provincia", "pk": 74, "fields": {"nombre": "Linares", "region": 7}}, {"model": "actas.provincia", "pk": 81, "fields": {"nombre": "Concepci\u00f3n", "region": 8}}, {"model": "actas.provincia", "pk": 82, "fields": {"nombre": "Arauco", "region": 8}}, {"model": "actas.provincia", "pk": 83, "fields": {"nombre": "Biob\u00edo", "region": 8}}, {"model": "actas.provincia", "pk": 84, "fields": {"nombre": "\u00d1uble", "region": 8}}, {"model": "actas.provincia", "pk": 91, "fields": {"nombre": "Caut\u00edn", "region": 9}}, {"model": "actas.provincia", "pk": 92, "fields": {"nombre": "Malleco", "region": 9}}, {"model": "actas.provincia", "pk": 101, "fields": {"nombre": "Llanquihue", "region": 10}}, {"model": "actas.provincia", "pk": 102, "fields": {"nombre": "Chilo\u00e9", "region": 10}}, {"model": "actas.provincia", "pk": 103, "fields": {"nombre": "Osorno", "region": 10}}, {"model": "actas.provincia", "pk": 104, "fields": {"nombre": "Palena", "region": 10}}, {"model": "actas.provincia", "pk": 111, "fields": {"nombre": "Coihaique", "region": 11}}, {"model": "actas.provincia", "pk": 112, "fields": {"nombre": "Ais\u00e9n", "region": 11}}, {"model": "actas.provincia", "pk": 113, "fields": {"nombre": "Capit\u00e1n Prat", "region": 11}}, {"model": "actas.provincia", "pk": 114, "fields": {"nombre": "General Carrera", "region": 11}}, {"model": "actas.provincia", "pk": 121, "fields": {"nombre": "Magallanes", "region": 12}}, {"model": "actas.provincia", "pk": 122, "fields": {"nombre": "Ant\u00e1rtica Chilena", "region": 12}}, {"model": "actas.provincia", "pk": 123, "fields": {"nombre": "Tierra del Fuego", "region": 12}}, {"model": "actas.provincia", "pk": 124, "fields": {"nombre": "\u00daltima Esperanza", "region": 12}}, {"model": "actas.provincia", "pk": 131, "fields": {"nombre": "Santiago", "region": 13}}, {"model": "actas.provincia", "pk": 132, "fields": {"nombre": "Cordillera", "region": 13}}, {"model": "actas.provincia", "pk": 133, "fields": {"nombre": "Chacabuco", "region": 13}}, {"model": "actas.provincia", "pk": 134, "fields": {"nombre": "Maipo", "region": 13}}, {"model": "actas.provincia", "pk": 135, "fields": {"nombre": "Melipilla", "region": 13}}, {"model": "actas.provincia", "pk": 136, "fields": {"nombre": "Talagante", "region": 13}}, {"model": "actas.provincia", "pk": 141, "fields": {"nombre": "Valdivia", "region": 14}}, {"model": "actas.provincia", "pk": 142, "fields": {"nombre": "Ranco", "region": 14}}, {"model": "actas.provincia", "pk": 151, "fields": {"nombre": "Arica", "region": 15}}, {"model": "actas.provincia", "pk": 152, "fields": {"nombre": "Parinacota", "region": 15}}, {"model": "actas.comuna", "pk": 1101, "fields": {"nombre": "Iquique", "provincia": 11}}, {"model": "actas.comuna", "pk": 1107, "fields": {"nombre": "Alto Hospicio", "provincia": 11}}, {"model": "actas.comuna", "pk": 1401, "fields": {"nombre": "Pozo Almonte", "provincia": 14}}, {"model": "actas.comuna", "pk": 1402, "fields": {"nombre": "Cami\u00f1a", "provincia": 14}}, {"model": "actas.comuna", "pk": 1403, "fields": {"nombre": "Colchane", "provincia": 14}}, {"model": "actas.comuna", "pk": 1404, "fields": {"nombre": "Huara", "provincia": 14}}, {"model": "actas.comuna", "pk": 1405, "fields": {"nombre": "Pica", "provincia": 14}}, {"model": "actas.comuna", "pk": 2101, "fields": {"nombre": "Antofagasta", "provincia": 21}}, {"model": "actas.comuna", "pk": 2102, "fields": {"nombre": "Mejillones", "provincia": 21}}, {"model": "actas.comuna", "pk": 2103, "fields": {"nombre": "Sierra Gorda", "provincia": 21}}, {"model": "actas.comuna", "pk": 2104, "fields": {"nombre": "Taltal", "provincia": 21}}, {"model": "actas.comuna", "pk": 2201, "fields": {"nombre": "Calama", "provincia": 22}}, {"model": "actas.comuna", "pk": 2202, "fields": {"nombre": "Ollag\u00fce", "provincia": 22}}, {"model": "actas.comuna", "pk": 2203, "fields": {"nombre": "San Pedro de Atacama", "provincia": 22}}, {"model": "actas.comuna", "pk": 2301, "fields": {"nombre": "Tocopilla", "provincia": 23}}, {"model": "actas.comuna", "pk": 2302, "fields": {"nombre": "Mar\u00eda Elena", "provincia": 23}}, {"model": "actas.comuna", "pk": 3101, "fields": {"nombre": "Copiap\u00f3", "provincia": 31}}, {"model": "actas.comuna", "pk": 3102, "fields": {"nombre": "Caldera", "provincia": 31}}, {"model": "actas.comuna", "pk": 3103, "fields": {"nombre": "Tierra Amarilla", "provincia": 31}}, {"model": "actas.comuna", "pk": 3201, "fields": {"nombre": "Cha\u00f1aral", "provincia": 32}}, {"model": "actas.comuna", "pk": 3202, "fields": {"nombre": "Diego de Almagro", "provincia": 32}}, {"model": "actas.comuna", "pk": 3301, "fields": {"nombre": "Vallenar", "provincia": 33}}, {"model": "actas.comuna", "pk": 3302, "fields": {"nombre": "Alto del Carmen", "provincia": 33}}, {"model": "actas.comuna", "pk": 3303, "fields": {"nombre": "Freirina", "provincia": 33}}, {"model": "actas.comuna", "pk": 3304, "fields": {"nombre": "Huasco", "provincia": 33}}, {"model": "actas.comuna", "pk": 4101, "fields": {"nombre": "La Serena", "provincia": 41}}, {"model": "actas.comuna", "pk": 4102, "fields": {"nombre": "Coquimbo", "provincia": 41}}, {"model": "actas.comuna", "pk": 4103, "fields": {"nombre": "Andacollo", "provincia": 41}}, {"model": "actas.comuna", "pk": 4104, "fields": {"nombre": "La Higuera", "provincia": 41}}, {"model": "actas.comuna", "pk": 4105, "fields": {"nombre": "Paiguano", "provincia": 41}}, {"model": "actas.comuna", "pk": 4106, "fields": {"nombre": "Vicu\u00f1a", "provincia": 41}}, {"model": "actas.comuna", "pk": 4201, "fields": {"nombre": "Illapel", "provincia": 42}}, {"model": "actas.comuna", "pk": 4202, "fields": {"nombre": "Canela", "provincia": 42}}, {"model": "actas.comuna", "pk": 4203, "fields": {"nombre": "Los Vilos", "provincia": 42}}, {"model": "actas.comuna", "pk": 4204, "fields": {"nombre": "Salamanca", "provincia": 42}}, {"model": "actas.comuna", "pk": 4301, "fields": {"nombre": "Ovalle", "provincia": 43}}, {"model": "actas.comuna", "pk": 4302, "fields": {"nombre": "Combarbal\u00e1", "provincia": 43}}, {"model": "actas.comuna", "pk": 4303, "fields": {"nombre": "Monte Patria", "provincia": 43}}, {"model": "actas.comuna", "pk": 4304, "fields": {"nombre": "Punitaqui", "provincia": 43}}, {"model": "actas.comuna", "pk": 4305, "fields": {"nombre": "R\u00edo Hurtado", "provincia": 43}}, {"model": "actas.comuna", "pk": 5101, "fields": {"nombre": "Valpara\u00edso", "provincia": 51}}, {"model": "actas.comuna", "pk": 5102, "fields": {"nombre": "Casablanca", "provincia": 51}}, {"model": "actas.comuna", "pk": 5103, "fields": {"nombre": "Conc\u00f3n", "provincia": 51}}, {"model": "actas.comuna", "pk": 5104, "fields": {"nombre": "Juan Fern\u00e1ndez", "provincia": 51}}, {"model": "actas.comuna", "pk": 5105, "fields": {"nombre": "Puchuncav\u00ed", "provincia": 51}}, {"model": "actas.comuna", "pk": 5107, "fields": {"nombre": "Quintero", "provincia": 51}}, {"model": "actas.comuna", "pk": 5109, "fields": {"nombre": "Vi\u00f1a del Mar", "provincia": 51}}, {"model": "actas.comuna", "pk": 5201, "fields": {"nombre": "Isla de Pascua", "provincia": 52}}, {"model": "actas.comuna", "pk": 5301, "fields": {"nombre": "Los Andes", "provincia": 53}}, {"model": "actas.comuna", "pk": 5302, "fields": {"nombre": "Calle Larga", "provincia": 53}}, {"model": "actas.comuna", "pk": 5303, "fields": {"nombre": "Riconada", "provincia": 53}}, {"model": "actas.comuna", "pk": 5304, "fields": {"nombre": "San Esteban", "provincia": 53}}, {"model": "actas.comuna", "pk": 5401, "fields": {"nombre": "La Ligua", "provincia": 54}}, {"model": "actas.comuna", "pk": 5402, "fields": {"nombre": "Cabildo", "provincia": 54}}, {"model": "actas.comuna", "pk": 5403, "fields": {"nombre": "Papudo", "provincia": 54}}, {"model": "actas.comuna", "pk": 5404, "fields": {"nombre": "Petorca", "provincia": 54}}, {"model": "actas.comuna", "pk": 5405, "fields": {"nombre": "Zapallar", "provincia": 54}}, {"model": "actas.comuna", "pk": 5501, "fields": {"nombre": "Quillota", "provincia": 55}}, {"model": "actas.comuna", "pk": 5502, "fields": {"nombre": "Calera", "provincia": 55}}, {"model": "actas.comuna", "pk": 5503, "fields": {"nombre": "Hijuelas", "provincia": 55}}, {"model": "actas.comuna", "pk": 5504, "fields": {"nombre": "La Cruz", "provincia": 55}}, {"model": "actas.comuna", "pk": 5506, "fields": {"nombre": "Nogales", "provincia": 55}}, {"model": "actas.comuna", "pk": 5601, "fields": {"nombre": "San Antonio", "provincia": 56}}, {"model": "actas.comuna", "pk": 5602, "fields": {"nombre": "Algarrobo", "provincia": 56}}, {"model": "actas.comuna", "pk": 5603, "fields": {"nombre": "Cartagena", "provincia": 56}}, {"model": "actas.comuna", "pk": 5604, "fields": {"nombre": "El Quisco", "provincia": 56}}, {"model": "actas.comuna", "pk": 5605, "fields": {"nombre": "El Tabo", "provincia": 56}}, {"model": "actas.comuna", "pk": 5606, "fields": {"nombre": "Santo Domingo", "provincia": 56}}, {"model": "actas.comuna", "pk": 5701, "fields": {"nombre": "San Felipe", "provincia": 57}}, {"model": "actas.comuna", "pk": 5702, "fields": {"nombre": "Catemu", "provincia": 57}}, {"model": "actas.comuna", "pk": 5703, "fields": {"nombre": "Llaillay", "provincia": 57}}, {"model": "actas.comuna", "pk": 5704, "fields": {"nombre": "Panquehue", "provincia": 57}}, {"model": "actas.comuna", "pk": 5705, "fields": {"nombre": "Putaendo", "provincia": 57}}, {"model": "actas.comuna", "pk": 5706, "fields": {"nombre": "Santa Mar\u00eda", "provincia": 57}}, {"model": "actas.comuna", "pk": 5801, "fields": {"nombre": "Quilpu\u00e9", "provincia": 58}}, {"model": "actas.comuna", "pk": 5802, "fields": {"nombre": "Limache", "provincia": 58}}, {"model": "actas.comuna", "pk": 5803, "fields": {"nombre": "Olmu\u00e9", "provincia": 58}}, {"model": "actas.comuna", "pk": 5804, "fields": {"nombre": "Villa Alemana", "provincia": 58}}, {"model": "actas.comuna", "pk": 6101, "fields": {"nombre": "Rancagua", "provincia": 61}}, {"model": "actas.comuna", "pk": 6102, "fields": {"nombre": "Codegua", "provincia": 61}}, {"model": "actas.comuna", "pk": 6103, "fields": {"nombre": "Coinco", "provincia": 61}}, {"model": "actas.comuna", "pk": 6104, "fields": {"nombre": "Coltauco", "provincia": 61}}, {"model": "actas.comuna", "pk": 6105, "fields": {"nombre": "Do\u00f1ihue", "provincia": 61}}, {"model": "actas.comuna", "pk": 6106, "fields": {"nombre": "Graneros", "provincia": 61}}, {"model": "actas.comuna", "pk": 6107, "fields": {"nombre": "Las Cabras", "provincia": 61}}, {"model": "actas.comuna", "pk": 6108, "fields": {"nombre": "Machal\u00ed", "provincia": 61}}, {"model": "actas.comuna", "pk": 6109, "fields": {"nombre": "Malloa", "provincia": 61}}, {"model": "actas.comuna", "pk": 6110, "fields": {"nombre": "Mostazal", "provincia": 61}}, {"model": "actas.comuna", "pk": 6111, "fields": {"nombre": "Olivar", "provincia": 61}}, {"model": "actas.comuna", "pk": 6112, "fields": {"nombre": "Peumo", "provincia": 61}}, {"model": "actas.comuna", "pk": 6113, "fields": {"nombre": "Pichidegua", "provincia": 61}}, {"model": "actas.comuna", "pk": 6114, "fields": {"nombre": "Quinta de Tilcoco", "provincia": 61}}, {"model": "actas.comuna", "pk": 6115, "fields": {"nombre": "Rengo", "provincia": 61}}, {"model": "actas.comuna", "pk": 6116, "fields": {"nombre": "Requ\u00ednoa", "provincia": 61}}, {"model": "actas.comuna", "pk": 6117, "fields": {"nombre": "San Vicente", "provincia": 61}}, {"model": "actas.comuna", "pk": 6201, "fields": {"nombre": "Pichilemu", "provincia": 62}}, {"model": "actas.comuna", "pk": 6202, "fields": {"nombre": "La Estrella", "provincia": 62}}, {"model": "actas.comuna", "pk": 6203, "fields": {"nombre": "Litueche", "provincia": 62}}, {"model": "actas.comuna", "pk": 6204, "fields": {"nombre": "Marichihue", "provincia": 62}}, {"model": "actas.comuna", "pk": 6205, "fields": {"nombre": "Navidad", "provincia": 62}}, {"model": "actas.comuna", "pk": 6206, "fields": {"nombre": "Paredones", "provincia": 62}}, {"model": "actas.comuna", "pk": 6301, "fields": {"nombre": "San Fernando", "provincia": 63}}, {"model": "actas.comuna", "pk": 6302, "fields": {"nombre": "Ch\u00e9pica", "provincia": 63}}, {"model": "actas.comuna", "pk": 6303, "fields": {"nombre": "Chimbarongo", "provincia": 63}}, {"model": "actas.comuna", "pk": 6304, "fields": {"nombre": "Lolol", "provincia": 63}}, {"model": "actas.comuna", "pk": 6305, "fields": {"nombre": "Nancagua", "provincia": 63}}, {"model": "actas.comuna", "pk": 6306, "fields": {"nombre": "Palmilla", "provincia": 63}}, {"model": "actas.comuna", "pk": 6307, "fields": {"nombre": "Peralillo", "provincia": 63}}, {"model": "actas.comuna", "pk": 6308, "fields": {"nombre": "Placilla", "provincia": 63}}, {"model": "actas.comuna", "pk": 6309, "fields": {"nombre": "Pumanque", "provincia": 63}}, {"model": "actas.comuna", "pk": 6310, "fields": {"nombre": "Santa Cruz", "provincia": 63}}, {"model": "actas.comuna", "pk": 7101, "fields": {"nombre": "Talca", "provincia": 71}}, {"model": "actas.comuna", "pk": 7102, "fields": {"nombre": "Constituci\u00f3n", "provincia": 71}}, {"model": "actas.comuna", "pk": 7103, "fields": {"nombre": "Curepto", "provincia": 71}}, {"model": "actas.comuna", "pk": 7104, "fields": {"nombre": "Empedrado", "provincia": 71}}, {"model": "actas.comuna", "pk": 7105, "fields": {"nombre": "Maule", "provincia": 71}}, {"model": "actas.comuna", "pk": 7106, "fields": {"nombre": "Pelarco", "provincia": 71}}, {"model": "actas.comuna", "pk": 7107, "fields": {"nombre": "Pencahue", "provincia": 71}}, {"model": "actas.comuna", "pk": 7108, "fields": {"nombre": "R\u00edo Claro", "provincia": 71}}, {"model": "actas.comuna", "pk": 7109, "fields": {"nombre": "San Clemente", "provincia": 71}}, {"model": "actas.comuna", "pk": 7110, "fields": {"nombre": "San Rafael", "provincia": 71}}, {"model": "actas.comuna", "pk": 7201, "fields": {"nombre": "Cauquenes", "provincia": 72}}, {"model": "actas.comuna", "pk": 7202, "fields": {"nombre": "Chanco", "provincia": 72}}, {"model": "actas.comuna", "pk": 7203, "fields": {"nombre": "Pelluhue", "provincia": 72}}, {"model": "actas.comuna", "pk": 7301, "fields": {"nombre": "Curic\u00f3", "provincia": 73}}, {"model": "actas.comuna", "pk": 7302, "fields": {"nombre": "Huala\u00f1\u00e9", "provincia": 73}}, {"model": "actas.comuna", "pk": 7303, "fields": {"nombre": "Licant\u00e9n", "provincia": 73}}, {"model": "actas.comuna", "pk": 7304, "fields": {"nombre": "Molina", "provincia": 73}}, {"model": "actas.comuna", "pk": 7305, "fields": {"nombre": "Rauco", "provincia": 73}}, {"model": "actas.comuna", "pk": 7306, "fields": {"nombre": "Romeral", "provincia": 73}}, {"model": "actas.comuna", "pk": 7307, "fields": {"nombre": "Sagrada Familia", "provincia": 73}}, {"model": "actas.comuna", "pk": 7308, "fields": {"nombre": "Teno", "provincia": 73}}, {"model": "actas.comuna", "pk": 7309, "fields": {"nombre": "Vichuqu\u00e9n", "provincia": 73}}, {"model": "actas.comuna", "pk": 7401, "fields": {"nombre": "Linares", "provincia": 74}}, {"model": "actas.comuna", "pk": 7402, "fields": {"nombre": "Colb\u00fan", "provincia": 74}}, {"model": "actas.comuna", "pk": 7403, "fields": {"nombre": "Longav\u00ed", "provincia": 74}}, {"model": "actas.comuna", "pk": 7404, "fields": {"nombre": "Parral", "provincia": 74}}, {"model": "actas.comuna", "pk": 7405, "fields": {"nombre": "Retiro", "provincia": 74}}, {"model": "actas.comuna", "pk": 7406, "fields": {"nombre": "San Javier", "provincia": 74}}, {"model": "actas.comuna", "pk": 7407, "fields": {"nombre": "Villa Alegre", "provincia": 74}}, {"model": "actas.comuna", "pk": 7408, "fields": {"nombre": "Yerbas Buenas", "provincia": 74}}, {"model": "actas.comuna", "pk": 8101, "fields": {"nombre": "Concepci\u00f3n", "provincia": 81}}, {"model": "actas.comuna", "pk": 8102, "fields": {"nombre": "Coronel", "provincia": 81}}, {"model": "actas.comuna", "pk": 8103, "fields": {"nombre": "Chiguayante", "provincia": 81}}, {"model": "actas.comuna", "pk": 8104, "fields": {"nombre": "Florida", "provincia": 81}}, {"model": "actas.comuna", "pk": 8105, "fields": {"nombre": "Hualqui", "provincia": 81}}, {"model": "actas.comuna", "pk": 8106, "fields": {"nombre": "Lota", "provincia": 81}}, {"model": "actas.comuna", "pk": 8107, "fields": {"nombre": "Penco", "provincia": 81}}, {"model": "actas.comuna", "pk": 8108, "fields": {"nombre": "San Pedro de la Paz", "provincia": 81}}, {"model": "actas.comuna", "pk": 8109, "fields": {"nombre": "Santa Juana", "provincia": 81}}, {"model": "actas.comuna", "pk": 8110, "fields": {"nombre": "Talcahuano", "provincia": 81}}, {"model": "actas.comuna", "pk": 8111, "fields": {"nombre": "Tom\u00e9", "provincia": 81}}, {"model": "actas.comuna", "pk": 8112, "fields": {"nombre": "Hualp\u00e9n", "provincia": 81}}, {"model": "actas.comuna", "pk": 8201, "fields": {"nombre": "Lebu", "provincia": 82}}, {"model": "actas.comuna", "pk": 8202, "fields": {"nombre": "Arauco", "provincia": 82}}, {"model": "actas.comuna", "pk": 8203, "fields": {"nombre": "Ca\u00f1ete", "provincia": 82}}, {"model": "actas.comuna", "pk": 8204, "fields": {"nombre": "Contulmo", "provincia": 82}}, {"model": "actas.comuna", "pk": 8205, "fields": {"nombre": "Curanilahue", "provincia": 82}}, {"model": "actas.comuna", "pk": 8206, "fields": {"nombre": "Los \u00c1lamos", "provincia": 82}}, {"model": "actas.comuna", "pk": 8207, "fields": {"nombre": "Tir\u00faa", "provincia": 82}}, {"model": "actas.comuna", "pk": 8301, "fields": {"nombre": "Los \u00c1ngeles", "provincia": 83}}, {"model": "actas.comuna", "pk": 8302, "fields": {"nombre": "Antuco", "provincia": 83}}, {"model": "actas.comuna", "pk": 8303, "fields": {"nombre": "Cabrero", "provincia": 83}}, {"model": "actas.comuna", "pk": 8304, "fields": {"nombre": "Laja", "provincia": 83}}, {"model": "actas.comuna", "pk": 8305, "fields": {"nombre": "Mulch\u00e9n", "provincia": 83}}, {"model": "actas.comuna", "pk": 8306, "fields": {"nombre": "Nacimiento", "provincia": 83}}, {"model": "actas.comuna", "pk": 8307, "fields": {"nombre": "Negrete", "provincia": 83}}, {"model": "actas.comuna", "pk": 8308, "fields": {"nombre": "Quilaco", "provincia": 83}}, {"model": "actas.comuna", "pk": 8309, "fields": {"nombre": "Quilleco", "provincia": 83}}, {"model": "actas.comuna", "pk": 8310, "fields": {"nombre": "San Rosendo", "provincia": 83}}, {"model": "actas.comuna", "pk": 8311, "fields": {"nombre": "Santa B\u00e1rbara", "provincia": 83}}, {"model": "actas.comuna", "pk": 8312, "fields": {"nombre": "Tucapel", "provincia": 83}}, {"model": "actas.comuna", "pk": 8313, "fields": {"nombre": "Yumbel", "provincia": 83}}, {"model": "actas.comuna", "pk": 8314, "fields": {"nombre": "Alto Biob\u00edo", "provincia": 83}}, {"model": "actas.comuna", "pk": 8401, "fields": {"nombre": "Chill\u00e1n", "provincia": 84}}, {"model": "actas.comuna", "pk": 8402, "fields": {"nombre": "Bulnes", "provincia": 84}}, {"model": "actas.comuna", "pk": 8403, "fields": {"nombre": "Cobquecura", "provincia": 84}}, {"model": "actas.comuna", "pk": 8404, "fields": {"nombre": "Coelemu", "provincia": 84}}, {"model": "actas.comuna", "pk": 8405, "fields": {"nombre": "Coihueco", "provincia": 84}}, {"model": "actas.comuna", "pk": 8406, "fields": {"nombre": "Chill\u00e1n Viejo", "provincia": 84}}, {"model": "actas.comuna", "pk": 8407, "fields": {"nombre": "El Carmen", "provincia": 84}}, {"model": "actas.comuna", "pk": 8408, "fields": {"nombre": "Ninhue", "provincia": 84}}, {"model": "actas.comuna", "pk": 8409, "fields": {"nombre": "\u00d1iqu\u00e9n", "provincia": 84}}, {"model": "actas.comuna", "pk": 8410, "fields": {"nombre": "Pemuco", "provincia": 84}}, {"model": "actas.comuna", "pk": 8411, "fields": {"nombre": "Pinto", "provincia": 84}}, {"model": "actas.comuna", "pk": 8412, "fields": {"nombre": "Portezuelo", "provincia": 84}}, {"model": "actas.comuna", "pk": 8413, "fields": {"nombre": "Quill\u00f3n", "provincia": 84}}, {"model": "actas.comuna", "pk": 8414, "fields": {"nombre": "Quirihue", "provincia": 84}}, {"model": "actas.comuna", "pk": 8415, "fields": {"nombre": "R\u00e1nquil", "provincia": 84}}, {"model": "actas.comuna", "pk": 8416, "fields": {"nombre": "San Carlos", "provincia": 84}}, {"model": "actas.comuna", "pk": 8417, "fields": {"nombre": "San Fabi\u00e1n", "provincia": 84}}, {"model": "actas.comuna", "pk": 8418, "fields": {"nombre": "San Ignacio", "provincia": 84}}, {"model": "actas.comuna", "pk": 8419, "fields": {"nombre": "San Nicol\u00e1s", "provincia": 84}}, {"model": "actas.comuna", "pk": 8420, "fields": {"nombre": "Treguaco", "provincia": 84}}, {"model": "actas.comuna", "pk": 8421, "fields": {"nombre": "Yungay", "provincia": 84}}, {"model": "actas.comuna", "pk": 9101, "fields": {"nombre": "Temuco", "provincia": 91}}, {"model": "actas.comuna", "pk": 9102, "fields": {"nombre": "Carahu", "provincia": 91}}, {"model": "actas.comuna", "pk": 9103, "fields": {"nombre": "Cunco", "provincia": 91}}, {"model": "actas.comuna", "pk": 9104, "fields": {"nombre": "Curarrehue", "provincia": 91}}, {"model": "actas.comuna", "pk": 9105, "fields": {"nombre": "Freire", "provincia": 91}}, {"model": "actas.comuna", "pk": 9106, "fields": {"nombre": "Galvarin", "provincia": 91}}, {"model": "actas.comuna", "pk": 9107, "fields": {"nombre": "Gorbea", "provincia": 91}}, {"model": "actas.comuna", "pk": 9108, "fields": {"nombre": "Lautaro", "provincia": 91}}, {"model": "actas.comuna", "pk": 9109, "fields": {"nombre": "Loncoche", "provincia": 91}}, {"model": "actas.comuna", "pk": 9110, "fields": {"nombre": "Melipeuco", "provincia": 91}}, {"model": "actas.comuna", "pk": 9111, "fields": {"nombre": "Nueva Imperial", "provincia": 91}}, {"model": "actas.comuna", "pk": 9112, "fields": {"nombre": "Padre las Casa", "provincia": 91}}, {"model": "actas.comuna", "pk": 9113, "fields": {"nombre": "Perquenco", "provincia": 91}}, {"model": "actas.comuna", "pk": 9114, "fields": {"nombre": "Pitrufqu\u00e9n", "provincia": 91}}, {"model": "actas.comuna", "pk": 9115, "fields": {"nombre": "Puc\u00f3", "provincia": 91}}, {"model": "actas.comuna", "pk": 9116, "fields": {"nombre": "Saavedra", "provincia": 91}}, {"model": "actas.comuna", "pk": 9117, "fields": {"nombre": "Teodoro Schmid", "provincia": 91}}, {"model": "actas.comuna", "pk": 9118, "fields": {"nombre": "Tolt\u00e9n", "provincia": 91}}, {"model": "actas.comuna", "pk": 9119, "fields": {"nombre": "Vilc\u00fan", "provincia": 91}}, {"model": "actas.comuna", "pk": 9120, "fields": {"nombre": "Villarrica", "provincia": 91}}, {"model": "actas.comuna", "pk": 9121, "fields": {"nombre": "Cholchol", "provincia": 91}}, {"model": "actas.comuna", "pk": 9201, "fields": {"nombre": "Angol", "provincia": 92}}, {"model": "actas.comuna", "pk": 9202, "fields": {"nombre": "Collipulli", "provincia": 92}}, {"model": "actas.comuna", "pk": 9203, "fields": {"nombre": "Curacaut\u00edn", "provincia": 92}}, {"model": "actas.comuna", "pk": 9204, "fields": {"nombre": "Ercilla", "provincia": 92}}, {"model": "actas.comuna", "pk": 9205, "fields": {"nombre": "Lonquimay", "provincia": 92}}, {"model": "actas.comuna", "pk": 9206, "fields": {"nombre": "Los Sauces", "provincia": 92}}, {"model": "actas.comuna", "pk": 9207, "fields": {"nombre": "Lumaco", "provincia": 92}}, {"model": "actas.comuna", "pk": 9208, "fields": {"nombre": "Pur\u00e9n", "provincia": 92}}, {"model": "actas.comuna", "pk": 9209, "fields": {"nombre": "Renaico", "provincia": 92}}, {"model": "actas.comuna", "pk": 9210, "fields": {"nombre": "Traigu\u00e9n", "provincia": 92}}, {"model": "actas.comuna", "pk": 9211, "fields": {"nombre": "Victoria", "provincia": 92}}, {"model": "actas.comuna", "pk": 10101, "fields": {"nombre": "Puerto Montt", "provincia": 101}}, {"model": "actas.comuna", "pk": 10102, "fields": {"nombre": "Calbuco", "provincia": 101}}, {"model": "actas.comuna", "pk": 10103, "fields": {"nombre": "Cocham\u00f3", "provincia": 101}}, {"model": "actas.comuna", "pk": 10104, "fields": {"nombre": "Fresia", "provincia": 101}}, {"model": "actas.comuna", "pk": 10105, "fields": {"nombre": "Frutillar", "provincia": 101}}, {"model": "actas.comuna", "pk": 10106, "fields": {"nombre": "Los Muermos", "provincia": 101}}, {"model": "actas.comuna", "pk": 10107, "fields": {"nombre": "Llanquihue", "provincia": 101}}, {"model": "actas.comuna", "pk": 10108, "fields": {"nombre": "Maull\u00edn", "provincia": 101}}, {"model": "actas.comuna", "pk": 10109, "fields": {"nombre": "Puerto Varas", "provincia": 101}}, {"model": "actas.comuna", "pk": 10201, "fields": {"nombre": "Castro", "provincia": 102}}, {"model": "actas.comuna", "pk": 10202, "fields": {"nombre": "Ancud", "provincia": 102}}, {"model": "actas.comuna", "pk": 10203, "fields": {"nombre": "Chonchi", "provincia": 102}}, {"model": "actas.comuna", "pk": 10204, "fields": {"nombre": "Curaco de V\u00e9lez", "provincia": 102}}, {"model": "actas.comuna", "pk": 10205, "fields": {"nombre": "Dalcahue", "provincia": 102}}, {"model": "actas.comuna", "pk": 10206, "fields": {"nombre": "Puqueld\u00f3n", "provincia": 102}}, {"model": "actas.comuna", "pk": 10207, "fields": {"nombre": "Queil\u00e9n", "provincia": 102}}, {"model": "actas.comuna", "pk": 10208, "fields": {"nombre": "Quell\u00f3n", "provincia": 102}}, {"model": "actas.comuna", "pk": 10209, "fields": {"nombre": "Quemchi", "provincia": 102}}, {"model": "actas.comuna", "pk": 10210, "fields": {"nombre": "Quinchao", "provincia": 102}}, {"model": "actas.comuna", "pk": 10301, "fields": {"nombre": "Osorno", "provincia": 103}}, {"model": "actas.comuna", "pk": 10302, "fields": {"nombre": "Puerto Octay", "provincia": 103}}, {"model": "actas.comuna", "pk": 10303, "fields": {"nombre": "Purranque", "provincia": 103}}, {"model": "actas.comuna", "pk": 10304, "fields": {"nombre": "Puyehue", "provincia": 103}}, {"model": "actas.comuna", "pk": 10305, "fields": {"nombre": "R\u00edo Negro", "provincia": 103}}, {"model": "actas.comuna", "pk": 10306, "fields": {"nombre": "San Juan de la Costa", "provincia": 103}}, {"model": "actas.comuna", "pk": 10307, "fields": {"nombre": "San Pablo", "provincia": 103}}, {"model": "actas.comuna", "pk": 10401, "fields": {"nombre": "Chait\u00e9n", "provincia": 104}}, {"model": "actas.comuna", "pk": 10402, "fields": {"nombre": "Futaleuf\u00fa", "provincia": 104}}, {"model": "actas.comuna", "pk": 10403, "fields": {"nombre": "Hualaihu\u00e9", "provincia": 104}}, {"model": "actas.comuna", "pk": 10404, "fields": {"nombre": "Palena", "provincia": 104}}, {"model": "actas.comuna", "pk": 11101, "fields": {"nombre": "Coihaique", "provincia": 111}}, {"model": "actas.comuna", "pk": 11102, "fields": {"nombre": "Lago Verde", "provincia": 111}}, {"model": "actas.comuna", "pk": 11201, "fields": {"nombre": "Ais\u00e9n", "provincia": 112}}, {"model": "actas.comuna", "pk": 11202, "fields": {"nombre": "Cisnes", "provincia": 112}}, {"model": "actas.comuna", "pk": 11203, "fields": {"nombre": "Guaitecas", "provincia": 112}}, {"model": "actas.comuna", "pk": 11301, "fields": {"nombre": "Cochrane", "provincia": 113}}, {"model": "actas.comuna", "pk": 11302, "fields": {"nombre": "O\u2019Higgins", "provincia": 113}}, {"model": "actas.comuna", "pk": 11303, "fields": {"nombre": "Tortel", "provincia": 113}}, {"model": "actas.comuna", "pk": 11401, "fields": {"nombre": "Chile Chico", "provincia": 114}}, {"model": "actas.comuna", "pk": 11402, "fields": {"nombre": "R\u00edo Ib\u00e1\u00f1ez", "provincia": 114}}, {"model": "actas.comuna", "pk": 12101, "fields": {"nombre": "Punta Arenas", "provincia": 121}}, {"model": "actas.comuna", "pk": 12102, "fields": {"nombre": "Laguna Blanca", "provincia": 121}}, {"model": "actas.comuna", "pk": 12103, "fields": {"nombre": "R\u00edo Verde", "provincia": 121}}, {"model": "actas.comuna", "pk": 12104, "fields": {"nombre": "San Gregorio", "provincia": 121}}, {"model": "actas.comuna", "pk": 12201, "fields": {"nombre": "Cabo de Hornos (Ex. Navarino)", "provincia": 122}}, {"model": "actas.comuna", "pk": 12202, "fields": {"nombre": "Ant\u00e1rtica", "provincia": 122}}, {"model": "actas.comuna", "pk": 12301, "fields": {"nombre": "Porvenir", "provincia": 123}}, {"model": "actas.comuna", "pk": 12302, "fields": {"nombre": "Primavera", "provincia": 123}}, {"model": "actas.comuna", "pk": 12303, "fields": {"nombre": "Timaukel", "provincia": 123}}, {"model": "actas.comuna", "pk": 12401, "fields": {"nombre": "Natales", "provincia": 124}}, {"model": "actas.comuna", "pk": 12402, "fields": {"nombre": "Torres del Paine", "provincia": 124}}, {"model": "actas.comuna", "pk": 13101, "fields": {"nombre": "Santiago", "provincia": 131}}, {"model": "actas.comuna", "pk": 13102, "fields": {"nombre": "Cerrillos", "provincia": 131}}, {"model": "actas.comuna", "pk": 13103, "fields": {"nombre": "Cerro Navia", "provincia": 131}}, {"model": "actas.comuna", "pk": 13104, "fields": {"nombre": "Conchal\u00ed", "provincia": 131}}, {"model": "actas.comuna", "pk": 13105, "fields": {"nombre": "El Bosque", "provincia": 131}}, {"model": "actas.comuna", "pk": 13106, "fields": {"nombre": "Estaci\u00f3n Central", "provincia": 131}}, {"model": "actas.comuna", "pk": 13107, "fields": {"nombre": "Huechuraba", "provincia": 131}}, {"model": "actas.comuna", "pk": 13108, "fields": {"nombre": "Independencia", "provincia": 131}}, {"model": "actas.comuna", "pk": 13109, "fields": {"nombre": "La Cisterna", "provincia": 131}}, {"model": "actas.comuna", "pk": 13110, "fields": {"nombre": "La Florida", "provincia": 131}}, {"model": "actas.comuna", "pk": 13111, "fields": {"nombre": "La Granja", "provincia": 131}}, {"model": "actas.comuna", "pk": 13112, "fields": {"nombre": "La Pintana", "provincia": 131}}, {"model": "actas.comuna", "pk": 13113, "fields": {"nombre": "La Reina", "provincia": 131}}, {"model": "actas.comuna", "pk": 13114, "fields": {"nombre": "Las Condes", "provincia": 131}}, {"model": "actas.comuna", "pk": 13115, "fields": {"nombre": "Lo Barnechea", "provincia": 131}}, {"model": "actas.comuna", "pk": 13116, "fields": {"nombre": "Lo Espejo", "provincia": 131}}, {"model": "actas.comuna", "pk": 13117, "fields": {"nombre": "Lo Prado", "provincia": 131}}, {"model": "actas.comuna", "pk": 13118, "fields": {"nombre": "Macul", "provincia": 131}}, {"model": "actas.comuna", "pk": 13119, "fields": {"nombre": "Maip\u00fa", "provincia": 131}}, {"model": "actas.comuna", "pk": 13120, "fields": {"nombre": "\u00d1u\u00f1oa", "provincia": 131}}, {"model": "actas.comuna", "pk": 13121, "fields": {"nombre": "Pedro Aguirre Cerda", "provincia": 131}}, {"model": "actas.comuna", "pk": 13122, "fields": {"nombre": "Pe\u00f1alol\u00e9n", "provincia": 131}}, {"model": "actas.comuna", "pk": 13123, "fields": {"nombre": "Providencia", "provincia": 131}}, {"model": "actas.comuna", "pk": 13124, "fields": {"nombre": "Pudahuel", "provincia": 131}}, {"model": "actas.comuna", "pk": 13125, "fields": {"nombre": "Quilicura", "provincia": 131}}, {"model": "actas.comuna", "pk": 13126, "fields": {"nombre": "Quinta Normal", "provincia": 131}}, {"model": "actas.comuna", "pk": 13127, "fields": {"nombre": "Recoleta", "provincia": 131}}, {"model": "actas.comuna", "pk": 13128, "fields": {"nombre": "Renca", "provincia": 131}}, {"model": "actas.comuna", "pk": 13129, "fields": {"nombre": "San Joaqu\u00edn", "provincia": 131}}, {"model": "actas.comuna", "pk": 13130, "fields": {"nombre": "San Miguel", "provincia": 131}}, {"model": "actas.comuna", "pk": 13131, "fields": {"nombre": "San Ram\u00f3n", "provincia": 131}}, {"model": "actas.comuna", "pk": 13132, "fields": {"nombre": "Vitacura", "provincia": 131}}, {"model": "actas.comuna", "pk": 13201, "fields": {"nombre": "Puente Alto", "provincia": 132}}, {"model": "actas.comuna", "pk": 13202, "fields": {"nombre": "Pirque", "provincia": 132}}, {"model": "actas.comuna", "pk": 13203, "fields": {"nombre": "San Jos\u00e9 de Maipo", "provincia": 132}}, {"model": "actas.comuna", "pk": 13301, "fields": {"nombre": "Colina", "provincia": 133}}, {"model": "actas.comuna", "pk": 13302, "fields": {"nombre": "Lampa", "provincia": 133}}, {"model": "actas.comuna", "pk": 13303, "fields": {"nombre": "Tiltil", "provincia": 133}}, {"model": "actas.comuna", "pk": 13401, "fields": {"nombre": "San Bernardo", "provincia": 134}}, {"model": "actas.comuna", "pk": 13402, "fields": {"nombre": "Buin", "provincia": 134}}, {"model": "actas.comuna", "pk": 13403, "fields": {"nombre": "Calera de Tango", "provincia": 134}}, {"model": "actas.comuna", "pk": 13404, "fields": {"nombre": "Paine", "provincia": 134}}, {"model": "actas.comuna", "pk": 13501, "fields": {"nombre": "Melipilla", "provincia": 135}}, {"model": "actas.comuna", "pk": 13502, "fields": {"nombre": "Alhu\u00e9", "provincia": 135}}, {"model": "actas.comuna", "pk": 13503, "fields": {"nombre": "Curacav\u00ed", "provincia": 135}}, {"model": "actas.comuna", "pk": 13504, "fields": {"nombre": "Mar\u00eda Pinto", "provincia": 135}}, {"model": "actas.comuna", "pk": 13505, "fields": {"nombre": "San Pedro", "provincia": 135}}, {"model": "actas.comuna", "pk": 13601, "fields": {"nombre": "Talagante", "provincia": 136}}, {"model": "actas.comuna", "pk": 13602, "fields": {"nombre": "El Monte", "provincia": 136}}, {"model": "actas.comuna", "pk": 13603, "fields": {"nombre": "Isla de Maipo", "provincia": 136}}, {"model": "actas.comuna", "pk": 13604, "fields": {"nombre": "Padre Hurtado", "provincia": 136}}, {"model": "actas.comuna", "pk": 13605, "fields": {"nombre": "Pe\u00f1aflor", "provincia": 136}}, {"model": "actas.comuna", "pk": 14101, "fields": {"nombre": "Valdivia", "provincia": 141}}, {"model": "actas.comuna", "pk": 14102, "fields": {"nombre": "Corral", "provincia": 141}}, {"model": "actas.comuna", "pk": 14103, "fields": {"nombre": "Lanco", "provincia": 141}}, {"model": "actas.comuna", "pk": 14104, "fields": {"nombre": "Los Lagos", "provincia": 141}}, {"model": "actas.comuna", "pk": 14105, "fields": {"nombre": "M\u00e1fil", "provincia": 141}}, {"model": "actas.comuna", "pk": 14106, "fields": {"nombre": "Mariquina", "provincia": 141}}, {"model": "actas.comuna", "pk": 14107, "fields": {"nombre": "Paillaco", "provincia": 141}}, {"model": "actas.comuna", "pk": 14108, "fields": {"nombre": "Panguipulli", "provincia": 141}}, {"model": "actas.comuna", "pk": 14201, "fields": {"nombre": "R\u00edo Bueno", "provincia": 142}}, {"model": "actas.comuna", "pk": 15101, "fields": {"nombre": "Arica", "provincia": 151}}, {"model": "actas.comuna", "pk": 15102, "fields": {"nombre": "Camarones", "provincia": 151}}, {"model": "actas.comuna", "pk": 15201, "fields": {"nombre": "Putre", "provincia": 152}}, {"model": "actas.comuna", "pk": 15202, "fields": {"nombre": "General Lagos", "provincia": 152}}, {"model": "actas.grupoitems", "pk": 10, "fields": {"nombre": "1. OBJETIVO DE LA REFORMA A LA EDUCACI\u00d3N SUPERIOR", "descripcion": ".", "orden": 1}}, {"model": "actas.grupoitems", "pk": 11, "fields": {"nombre": "2. EDUCACI\u00d3N SUPERIOR Y LA UNIVERSIDAD", "descripcion": "\u201cLas universidades son instituciones de educaci\u00f3n superior cuya misi\u00f3n es cultivar las ciencias, las humanidades, las artes y las tecnolog\u00edas, as\u00ed como tambi\u00e9n crear, preservar y transmitir conocimiento, y formar graduados y profesionales. Corresponde a las universidades contribuir al desarrollo de la cultura y la satisfacci\u00f3n de los intereses y necesidades del pa\u00eds y sus regiones. \u00c9stas cumplen con su misi\u00f3n a trav\u00e9s de la realizaci\u00f3n de docencia, investigaci\u00f3n, creaci\u00f3n art\u00edstica, innovaci\u00f3n y vinculaci\u00f3n con el medio. \"", "orden": 2}}, {"model": "actas.grupoitems", "pk": 12, "fields": {"nombre": "3.\tEDUCACI\u00d3N SUPERIOR Y EDUCACI\u00d3N T\u00c9CNICO-PROFESIONAL", "descripcion": "En el \u00e1mbito de la ense\u00f1anza formal, la formaci\u00f3n t\u00e9cnico profesional considera los niveles de educaci\u00f3n media de formaci\u00f3n t\u00e9cnico profesional y el nivel de educaci\u00f3n superior t\u00e9cnico profesional, as\u00ed como la modalidad de educaci\u00f3n de adultos en el nivel de educaci\u00f3n media t\u00e9cnico profesional. En el \u00e1mbito de la ense\u00f1anza no formal considera todo tipo de formaci\u00f3n orientada al mundo del trabajo. Asimismo, contempla todos aquellos mecanismos que faciliten la articulaci\u00f3n entre ambos tipos de ense\u00f1anza, permitiendo la conformaci\u00f3n de trayectorias educativas y laborales.\u201d", "orden": 3}}, {"model": "actas.grupoitems", "pk": 13, "fields": {"nombre": "4. SISTEMA P\u00daBLICO DE EDUCACI\u00d3N SUPERIOR", "descripcion": ".", "orden": 4}}, {"model": "actas.grupoitems", "pk": 14, "fields": {"nombre": "5. FINANCIAMIENTO DE LA EDUCACI\u00d3N SUPERIOR", "descripcion": ".", "orden": 5}}, {"model": "actas.grupoitems", "pk": 15, "fields": {"nombre": "6.\tACCESO", "descripcion": ".", "orden": 6}}, {"model": "actas.grupoitems", "pk": 16, "fields": {"nombre": "7.ASEGURAMIENTO DE LA CALIDAD", "descripcion": ".", "orden": 7}}, {"model": "actas.grupoitems", "pk": 17, "fields": {"nombre": "8. GOBIERNO Y ADMINISTRACI\u00d3N DE LA UNIVERSIDAD", "descripcion": "\u00bfEst\u00e1 de acuerdo con la forma de gobierno para las universidades que propone el proyecto de ley?", "orden": 8}}, {"model": "actas.grupoitems", "pk": 18, "fields": {"nombre": "9. INSTITUCIONALIDAD", "descripcion": ".", "orden": 9}}, {"model": "actas.grupoitems", "pk": 19, "fields": {"nombre": "10. OTROS ASPECTOS REGULATORIOS", "descripcion": ".", "orden": 10}}, {"model": "actas.grupoitems", "pk": 20, "fields": {"nombre": "11. ROL DE FUNCIONARIOS Y ACAD\u00c9MICOS EN EL SISTEMA DE EDUCACI\u00d3N  SUPERIOR", "descripcion": ".", "orden": 11}}, {"model": "actas.item", "pk": 26, "fields": {"grupo_items": 10, "nombre": "\u00bfEst\u00e1 de acuerdo con el diagn\u00f3stico sobre el Sistema de Educaci\u00f3n Superior presentado en el mensaje del proyecto de ley?", "orden": 1}}, {"model": "actas.item", "pk": 27, "fields": {"grupo_items": 11, "nombre": "\u00bfEst\u00e1 de acuerdo con la definici\u00f3n de Universidad?", "orden": 1}}, {"model": "actas.item", "pk": 28, "fields": {"grupo_items": 12, "nombre": "\u00bfEst\u00e1 de acuerdo con las definiciones establecidas para los institutos profesionales y los centros de formaci\u00f3n t\u00e9cnica?", "orden": 1}}, {"model": "actas.item", "pk": 29, "fields": {"grupo_items": 13, "nombre": "\u00bfEn qu\u00e9 medida est\u00e1 de acuerdo con la propuesta de Educaci\u00f3n Superior Estatal?", "orden": 1}}, {"model": "actas.item", "pk": 30, "fields": {"grupo_items": 14, "nombre": "\u00bfEst\u00e1 de acuerdo con las condiciones establecidas para que el Estado financie a instituciones de educaci\u00f3n superior?", "orden": 1}}, {"model": "actas.item", "pk": 31, "fields": {"grupo_items": 15, "nombre": "\u00bfEst\u00e1 de acuerdo con la propuesta de Sistema de acceso a a la Educaci\u00f3n Superior?", "orden": 1}}, {"model": "actas.item", "pk": 32, "fields": {"grupo_items": 16, "nombre": "\u00bfEst\u00e1 de acuerdo con la propuesta de sistema de aseguramiento de la calidad?", "orden": 1}}, {"model": "actas.item", "pk": 33, "fields": {"grupo_items": 17, "nombre": "\u00bfEst\u00e1 de acuerdo con la forma de  gobierno para las universidades que  propone el proyecto de ley?", "orden": 1}}, {"model": "actas.item", "pk": 34, "fields": {"grupo_items": 18, "nombre": "\u00bfEst\u00e1 de acuerdo con la creaci\u00f3n de  los nuevos organismos institucionales  que propone la ley?", "orden": 1}}, {"model": "actas.item", "pk": 35, "fields": {"grupo_items": 19, "nombre": "\u00bfEst\u00e1 de acuerdo con los  mecanismos de fiscalizaci\u00f3n  propuestos en la ley?", "orden": 1}}, {"model": "actas.item", "pk": 36, "fields": {"grupo_items": 20, "nombre": "\u00bfEst\u00e1 de acuerdo con los  mecanismos que propone la ley sobre  la promoci\u00f3n acad\u00e9mica y funcionaria  en las universidades estatales?1", "orden": 1}}, {"model": "auth.permission", "pk": 1, "fields": {"name": "Can add log entry", "content_type": 1, "codename": "add_logentry"}}, {"model": "auth.permission", "pk": 2, "fields": {"name": "Can change log entry", "content_type": 1, "codename": "change_logentry"}}, {"model": "auth.permission", "pk": 3, "fields": {"name": "Can delete log entry", "content_type": 1, "codename": "delete_logentry"}}, {"model": "auth.permission", "pk": 4, "fields": {"name": "Can add permission", "content_type": 2, "codename": "add_permission"}}, {"model": "auth.permission", "pk": 5, "fields": {"name": "Can change permission", "content_type": 2, "codename": "change_permission"}}, {"model": "auth.permission", "pk": 6, "fields": {"name": "Can delete permission", "content_type": 2, "codename": "delete_permission"}}, {"model": "auth.permission", "pk": 7, "fields": {"name": "Can add group", "content_type": 3, "codename": "add_group"}}, {"model": "auth.permission", "pk": 8, "fields": {"name": "Can change group", "content_type": 3, "codename": "change_group"}}, {"model": "auth.permission", "pk": 9, "fields": {"name": "Can delete group", "content_type": 3, "codename": "delete_group"}}, {"model": "auth.permission", "pk": 10, "fields": {"name": "Can add user", "content_type": 4, "codename": "add_user"}}, {"model": "auth.permission", "pk": 11, "fields": {"name": "Can change user", "content_type": 4, "codename": "change_user"}}, {"model": "auth.permission", "pk": 12, "fields": {"name": "Can delete user", "content_type": 4, "codename": "delete_user"}}, {"model": "auth.permission", "pk": 13, "fields": {"name": "Can add content type", "content_type": 5, "codename": "add_contenttype"}}, {"model": "auth.permission", "pk": 14, "fields": {"name": "Can change content type", "content_type": 5, "codename": "change_contenttype"}}, {"model": "auth.permission", "pk": 15, "fields": {"name": "Can delete content type", "content_type": 5, "codename": "delete_contenttype"}}, {"model": "auth.permission", "pk": 16, "fields": {"name": "Can add session", "content_type": 6, "codename": "add_session"}}, {"model": "auth.permission", "pk": 17, "fields": {"name": "Can change session", "content_type": 6, "codename": "change_session"}}, {"model": "auth.permission", "pk": 18, "fields": {"name": "Can delete session", "content_type": 6, "codename": "delete_session"}}, {"model": "auth.permission", "pk": 19, "fields": {"name": "Can add region", "content_type": 7, "codename": "add_region"}}, {"model": "auth.permission", "pk": 20, "fields": {"name": "Can change region", "content_type": 7, "codename": "change_region"}}, {"model": "auth.permission", "pk": 21, "fields": {"name": "Can delete region", "content_type": 7, "codename": "delete_region"}}, {"model": "auth.permission", "pk": 22, "fields": {"name": "Can add provincia", "content_type": 8, "codename": "add_provincia"}}, {"model": "auth.permission", "pk": 23, "fields": {"name": "Can change provincia", "content_type": 8, "codename": "change_provincia"}}, {"model": "auth.permission", "pk": 24, "fields": {"name": "Can delete provincia", "content_type": 8, "codename": "delete_provincia"}}, {"model": "auth.permission", "pk": 25, "fields": {"name": "Can add comuna", "content_type": 9, "codename": "add_comuna"}}, {"model": "auth.permission", "pk": 26, "fields": {"name": "Can change comuna", "content_type": 9, "codename": "change_comuna"}}, {"model": "auth.permission", "pk": 27, "fields": {"name": "Can delete comuna", "content_type": 9, "codename": "delete_comuna"}}, {"model": "auth.permission", "pk": 28, "fields": {"name": "Can add grupo items", "content_type": 10, "codename": "add_grupoitems"}}, {"model": "auth.permission", "pk": 29, "fields": {"name": "Can change grupo items", "content_type": 10, "codename": "change_grupoitems"}}, {"model": "auth.permission", "pk": 30, "fields": {"name": "Can delete grupo items", "content_type": 10, "codename": "delete_grupoitems"}}, {"model": "auth.permission", "pk": 31, "fields": {"name": "Can add item", "content_type": 11, "codename": "add_item"}}, {"model": "auth.permission", "pk": 32, "fields": {"name": "Can change item", "content_type": 11, "codename": "change_item"}}, {"model": "auth.permission", "pk": 33, "fields": {"name": "Can delete item", "content_type": 11, "codename": "delete_item"}}, {"model": "auth.permission", "pk": 34, "fields": {"name": "Can add acta", "content_type": 12, "codename": "add_acta"}}, {"model": "auth.permission", "pk": 35, "fields": {"name": "Can change acta", "content_type": 12, "codename": "change_acta"}}, {"model": "auth.permission", "pk": 36, "fields": {"name": "Can delete acta", "content_type": 12, "codename": "delete_acta"}}, {"model": "auth.permission", "pk": 37, "fields": {"name": "Can add acta respuesta item", "content_type": 13, "codename": "add_actarespuestaitem"}}, {"model": "auth.permission", "pk": 38, "fields": {"name": "Can change acta respuesta item", "content_type": 13, "codename": "change_actarespuestaitem"}}, {"model": "auth.permission", "pk": 39, "fields": {"name": "Can delete acta respuesta item", "content_type": 13, "codename": "delete_actarespuestaitem"}}, {"model": "auth.user", "pk": 1, "fields": {"password": "pbkdf2_sha256$24000$8fMGtKR7XNYA$gB3hlx4pNNzIsk0L78GPiIW2S+J5n6MDFZtwYuTNr4U=", "last_login": "2016-08-23T02:50:54.843Z", "is_superuser": true, "username": "nicolas", "first_name": "", "last_name": "", "email": "", "is_staff": true, "is_active": true, "date_joined": "2016-08-19T05:42:24.613Z", "groups": [], "user_permissions": []}}, {"model": "admin.logentry", "pk": 1, "fields": {"action_time": "2016-08-19T05:44:54.631Z", "user": 1, "content_type": 10, "object_id": "10", "object_repr": "OBJETIVO DE LA REFORMA A LA EDUCACI\u00d3N SUPERIOR", "action_flag": 1, "change_message": "Added."}}, {"model": "admin.logentry", "pk": 2, "fields": {"action_time": "2016-08-19T05:45:15.267Z", "user": 1, "content_type": 10, "object_id": "9", "object_repr": "Calidad: Variables", "action_flag": 3, "change_message": ""}}, {"model": "admin.logentry", "pk": 3, "fields": {"action_time": "2016-08-19T05:45:15.354Z", "user": 1, "content_type": 10, "object_id": "8", "object_repr": "Financiamiento: Tipo", "action_flag": 3, "change_message": ""}}, {"model": "admin.logentry", "pk": 4, "fields": {"action_time": "2016-08-19T05:45:15.444Z", "user": 1, "content_type": 10, "object_id": "7", "object_repr": "Gratuidad: Caracteristicas", "action_flag": 3, "change_message": ""}}, {"model": "admin.logentry", "pk": 5, "fields": {"action_time": "2016-08-19T05:45:15.533Z", "user": 1, "content_type": 10, "object_id": "6", "object_repr": "Incumplimiento Marco Regulatorio", "action_flag": 3, "change_message": ""}}, {"model": "admin.logentry", "pk": 6, "fields": {"action_time": "2016-08-19T05:45:15.644Z", "user": 1, "content_type": 10, "object_id": "5", "object_repr": "Marco Regulatorio: Existencia", "action_flag": 3, "change_message": ""}}, {"model": "admin.logentry", "pk": 7, "fields": {"action_time": "2016-08-19T05:45:15.754Z", "user": 1, "content_type": 10, "object_id": "4", "object_repr": "Marco Regulatorio: Financiamiento", "action_flag": 3, "change_message": ""}}, {"model": "admin.logentry", "pk": 8, "fields": {"action_time": "2016-08-19T05:45:15.855Z", "user": 1, "content_type": 10, "object_id": "3", "object_repr": "Educaci\u00f3n Superior: Ingreso", "action_flag": 3, "change_message": ""}}, {"model": "admin.logentry", "pk": 9, "fields": {"action_time": "2016-08-19T05:45:15.944Z", "user": 1, "content_type": 10, "object_id": "2", "object_repr": "Educaci\u00f3n P\u00fablica: Caracteristicas", "action_flag": 3, "change_message": ""}}, {"model": "admin.logentry", "pk": 10, "fields": {"action_time": "2016-08-19T05:45:31.307Z", "user": 1, "content_type": 10, "object_id": "1", "object_repr": "Educaci\u00f3n Estatal: Mejoramiento", "action_flag": 3, "change_message": ""}}, {"model": "admin.logentry", "pk": 11, "fields": {"action_time": "2016-08-19T05:46:04.068Z", "user": 1, "content_type": 10, "object_id": "11", "object_repr": "2EDUCACI\u00d3N SUPERIOR Y LA UNIVERSIDAD", "action_flag": 1, "change_message": "Added."}}, {"model": "admin.logentry", "pk": 12, "fields": {"action_time": "2016-08-19T05:46:10.057Z", "user": 1, "content_type": 10, "object_id": "11", "object_repr": "2. EDUCACI\u00d3N SUPERIOR Y LA UNIVERSIDAD", "action_flag": 2, "change_message": "Changed nombre."}}, {"model": "admin.logentry", "pk": 13, "fields": {"action_time": "2016-08-19T05:46:14.079Z", "user": 1, "content_type": 10, "object_id": "10", "object_repr": "1. OBJETIVO DE LA REFORMA A LA EDUCACI\u00d3N SUPERIOR", "action_flag": 2, "change_message": "Changed nombre."}}, {"model": "admin.logentry", "pk": 14, "fields": {"action_time": "2016-08-19T05:46:49.871Z", "user": 1, "content_type": 10, "object_id": "12", "object_repr": "3. 3.\tEDUCACI\u00d3N SUPERIOR Y EDUCACI\u00d3N T\u00c9CNICO-PROFESIONAL", "action_flag": 1, "change_message": "Added."}}, {"model": "admin.logentry", "pk": 15, "fields": {"action_time": "2016-08-19T05:46:56.204Z", "user": 1, "content_type": 10, "object_id": "12", "object_repr": "3.\tEDUCACI\u00d3N SUPERIOR Y EDUCACI\u00d3N T\u00c9CNICO-PROFESIONAL", "action_flag": 2, "change_message": "Changed nombre."}}, {"model": "admin.logentry", "pk": 16, "fields": {"action_time": "2016-08-19T05:47:49.361Z", "user": 1, "content_type": 10, "object_id": "13", "object_repr": "4. SISTEMA P\u00daBLICO DE EDUCACI\u00d3N SUPERIOR", "action_flag": 1, "change_message": "Added."}}, {"model": "admin.logentry", "pk": 17, "fields": {"action_time": "2016-08-19T05:48:14.725Z", "user": 1, "content_type": 10, "object_id": "14", "object_repr": "5. FINANCIAMIENTO DE LA EDUCACI\u00d3N SUPERIOR", "action_flag": 1, "change_message": "Added."}}, {"model": "admin.logentry", "pk": 18, "fields": {"action_time": "2016-08-19T05:48:25.733Z", "user": 1, "content_type": 10, "object_id": "15", "object_repr": "6.\tACCESO", "action_flag": 1, "change_message": "Added."}}, {"model": "admin.logentry", "pk": 19, "fields": {"action_time": "2016-08-19T05:48:35.607Z", "user": 1, "content_type": 10, "object_id": "16", "object_repr": "7.ASEGURAMIENTO DE LA CALIDAD", "action_flag": 1, "change_message": "Added."}}, {"model": "admin.logentry", "pk": 20, "fields": {"action_time": "2016-08-19T05:49:01.600Z", "user": 1, "content_type": 11, "object_id": "26", "object_repr": "\u00bfEst\u00e1 de acuerdo con el diagn\u00f3stico sobre el Sistema de Educaci\u00f3n Superior presentado en el mensaje del proyecto de ley?", "action_flag": 1, "change_message": "Added."}}, {"model": "admin.logentry", "pk": 21, "fields": {"action_time": "2016-08-19T05:49:13.355Z", "user": 1, "content_type": 11, "object_id": "27", "object_repr": "\u00bfEst\u00e1 de acuerdo con la definici\u00f3n de Universidad?", "action_flag": 1, "change_message": "Added."}}, {"model": "admin.logentry", "pk": 22, "fields": {"action_time": "2016-08-19T05:49:25.824Z", "user": 1, "content_type": 11, "object_id": "28", "object_repr": "An\u00e1lisis \t\u00bfEst\u00e1 de acuerdo con las definiciones establecidas para los institutos profesionales y los centros de formaci\u00f3n t\u00e9cnica?\t\tMuy de acuerdo", "action_flag": 1, "change_message": "Added."}}, {"model": "admin.logentry", "pk": 23, "fields": {"action_time": "2016-08-19T05:49:42.502Z", "user": 1, "content_type": 11, "object_id": "29", "object_repr": "\u00bfEn qu\u00e9 medida est\u00e1 de acuerdo con la propuesta de Educaci\u00f3n Superior Estatal? \t\tMuy de acuerdo", "action_flag": 1, "change_message": "Added."}}, {"model": "admin.logentry", "pk": 24, "fields": {"action_time": "2016-08-19T05:49:54.260Z", "user": 1, "content_type": 11, "object_id": "30", "object_repr": "\u00bfEst\u00e1 de acuerdo con las condiciones establecidas para que el Estado financie a instituciones de educaci\u00f3n superior?", "action_flag": 1, "change_message": "Added."}}, {"model": "admin.logentry", "pk": 25, "fields": {"action_time": "2016-08-19T05:50:04.181Z", "user": 1, "content_type": 11, "object_id": "31", "object_repr": "\u00bfEst\u00e1 de acuerdo con la propuesta de Sistema de acceso a a la Educaci\u00f3n Superior?", "action_flag": 1, "change_message": "Added."}}, {"model": "admin.logentry", "pk": 26, "fields": {"action_time": "2016-08-19T05:50:23.993Z", "user": 1, "content_type": 11, "object_id": "32", "object_repr": "\u00bfEst\u00e1 de acuerdo con la propuesta de sistema de aseguramiento de la calidad?", "action_flag": 1, "change_message": "Added."}}, {"model": "admin.logentry", "pk": 27, "fields": {"action_time": "2016-08-19T05:50:37.582Z", "user": 1, "content_type": 11, "object_id": "28", "object_repr": "\u00bfEst\u00e1 de acuerdo con las definiciones establecidas para los institutos profesionales y los centros de formaci\u00f3n t\u00e9cnica?", "action_flag": 2, "change_message": "Changed nombre."}}, {"model": "admin.logentry", "pk": 28, "fields": {"action_time": "2016-08-19T05:51:02.082Z", "user": 1, "content_type": 11, "object_id": "29", "object_repr": "\u00bfEn qu\u00e9 medida est\u00e1 de acuerdo con la propuesta de Educaci\u00f3n Superior Estatal?", "action_flag": 2, "change_message": "Changed nombre."}}, {"model": "admin.logentry", "pk": 29, "fields": {"action_time": "2016-08-19T05:51:07.369Z", "user": 1, "content_type": 11, "object_id": "28", "object_repr": "\u00bfEst\u00e1 de acuerdo con las definiciones establecidas para los institutos profesionales y los centros de formaci\u00f3n t\u00e9cnica?", "action_flag": 2, "change_message": "No fields changed."}}, {"model": "admin.logentry", "pk": 30, "fields": {"action_time": "2016-08-19T05:51:11.429Z", "user": 1, "content_type": 11, "object_id": "27", "object_repr": "\u00bfEst\u00e1 de acuerdo con la definici\u00f3n de Universidad?", "action_flag": 2, "change_message": "Changed orden."}}, {"model": "admin.logentry", "pk": 31, "fields": {"action_time": "2016-08-19T05:51:14.420Z", "user": 1, "content_type": 11, "object_id": "26", "object_repr": "\u00bfEst\u00e1 de acuerdo con el diagn\u00f3stico sobre el Sistema de Educaci\u00f3n Superior presentado en el mensaje del proyecto de ley?", "action_flag": 2, "change_message": "No fields changed."}}, {"model": "admin.logentry", "pk": 32, "fields": {"action_time": "2016-08-23T02:53:08.780Z", "user": 1, "content_type": 10, "object_id": "17", "object_repr": "8. GOBIERNO Y ADMINISTRACI\u00d3N DE LA UNIVERSIDAD", "action_flag": 1, "change_message": "Added."}}, {"model": "admin.logentry", "pk": 33, "fields": {"action_time": "2016-08-23T02:53:39.502Z", "user": 1, "content_type": 10, "object_id": "18", "object_repr": "9. INSTITUCIONALIDAD", "action_flag": 1, "change_message": "Added."}}, {"model": "admin.logentry", "pk": 34, "fields": {"action_time": "2016-08-23T02:53:54.305Z", "user": 1, "content_type": 10, "object_id": "19", "object_repr": "10. OTROS ASPECTOS REGULATORIOS", "action_flag": 1, "change_message": "Added."}}, {"model": "admin.logentry", "pk": 35, "fields": {"action_time": "2016-08-23T02:54:06.142Z", "user": 1, "content_type": 10, "object_id": "20", "object_repr": "11. ROL DE FUNCIONARIOS Y ACAD\u00c9MICOS EN EL SISTEMA DE EDUCACI\u00d3N  SUPERIOR", "action_flag": 1, "change_message": "Added."}}, {"model": "admin.logentry", "pk": 36, "fields": {"action_time": "2016-08-23T02:54:11.530Z", "user": 1, "content_type": 10, "object_id": "17", "object_repr": "8. GOBIERNO Y ADMINISTRACI\u00d3N DE LA UNIVERSIDAD", "action_flag": 2, "change_message": "Changed orden."}}, {"model": "admin.logentry", "pk": 37, "fields": {"action_time": "2016-08-23T02:54:16.897Z", "user": 1, "content_type": 10, "object_id": "18", "object_repr": "9. INSTITUCIONALIDAD", "action_flag": 2, "change_message": "Changed orden."}}, {"model": "admin.logentry", "pk": 38, "fields": {"action_time": "2016-08-23T03:03:10.524Z", "user": 1, "content_type": 11, "object_id": "33", "object_repr": "\u00bfEst\u00e1 de acuerdo con la forma de  gobierno para las universidades que  propone el proyecto de ley?", "action_flag": 1, "change_message": "Added."}}, {"model": "admin.logentry", "pk": 39, "fields": {"action_time": "2016-08-23T03:03:25.277Z", "user": 1, "content_type": 11, "object_id": "34", "object_repr": "\u00bfEst\u00e1 de acuerdo con la creaci\u00f3n de  los nuevos organismos institucionales  que propone la ley?", "action_flag": 1, "change_message": "Added."}}, {"model": "admin.logentry", "pk": 40, "fields": {"action_time": "2016-08-23T03:03:42.447Z", "user": 1, "content_type": 11, "object_id": "35", "object_repr": "\u00bfEst\u00e1 de acuerdo con los  mecanismos de fiscalizaci\u00f3n  propuestos en la ley?", "action_flag": 1, "change_message": "Added."}}, {"model": "admin.logentry", "pk": 41, "fields": {"action_time": "2016-08-23T03:03:55.920Z", "user": 1, "content_type": 11, "object_id": "36", "object_repr": "\u00bfEst\u00e1 de acuerdo con los  mecanismos que propone la ley sobre  la promoci\u00f3n acad\u00e9mica y funcionaria  en las universidades estatales?1", "action_flag": 1, "change_message": "Added."}}]